image,error_type,count
20231018_112728_mp4-0004_jpg.rf.741e9c5216c788ffb0fb417b518e6f5e.jpg,false_negative,6
20231018_112728_mp4-0017_jpg.rf.65cfc2df1e656f0edafb62455a36daca.jpg,false_positive,1
20231018_112728_mp4-0017_jpg.rf.65cfc2df1e656f0edafb62455a36daca.jpg,false_negative,9
20231018_112728_mp4-0039_jpg.rf.ef4853efcf0393ab32f1be54f91cf6c6.jpg,false_positive,1
20231018_112728_mp4-0039_jpg.rf.ef4853efcf0393ab32f1be54f91cf6c6.jpg,false_negative,7
20231018_112728_mp4-0042_jpg.rf.702ed1aa2759e00bd4be588cab600735.jpg,false_positive,3
20231018_112728_mp4-0042_jpg.rf.702ed1aa2759e00bd4be588cab600735.jpg,false_negative,7
20231018_112728_mp4-0045_jpg.rf.e1fd06f785c644cace10527e1f94dc99.jpg,false_positive,2
20231018_112728_mp4-0045_jpg.rf.e1fd06f785c644cace10527e1f94dc99.jpg,false_negative,7
20231018_112728_mp4-0106_jpg.rf.7748e8d5e975549523149d871a9e297e.jpg,false_negative,6
20231018_112728_mp4-0121_jpg.rf.36e3b8f422d0d68744edbabacdc4869f.jpg,false_positive,1
20231018_112728_mp4-0121_jpg.rf.36e3b8f422d0d68744edbabacdc4869f.jpg,false_negative,4
20231018_112728_mp4-0123_jpg.rf.27b83619906fc59778f349635d22adf0.jpg,false_positive,1
20231018_112728_mp4-0123_jpg.rf.27b83619906fc59778f349635d22adf0.jpg,false_negative,3
20231018_112728_mp4-0133_jpg.rf.65bac98e2812414630d1496be9546e8e.jpg,false_positive,1
20231018_112728_mp4-0133_jpg.rf.65bac98e2812414630d1496be9546e8e.jpg,false_negative,4
20231018_112728_mp4-0157_jpg.rf.c799a052440efabf83a2b433dd27b8c8.jpg,false_negative,8
20231018_112728_mp4-0162_jpg.rf.d4fa0e9ed3e1df25fca3c88a3a3d3434.jpg,false_negative,6
20231018_112728_mp4-0204_jpg.rf.5a9ac03f2215675cc6e2b1b1252805a7.jpg,false_negative,10
20231018_112728_mp4-0214_jpg.rf.56f3f591495243dbb3f823786c603227.jpg,false_positive,3
20231018_112728_mp4-0214_jpg.rf.56f3f591495243dbb3f823786c603227.jpg,false_negative,11
20231018_112728_mp4-0243_jpg.rf.7e892147ec2c89381ce753881f0c0172.jpg,false_positive,1
20231018_112728_mp4-0243_jpg.rf.7e892147ec2c89381ce753881f0c0172.jpg,false_negative,7
20231018_112728_mp4-0259_jpg.rf.ee52d872a3ee6f6c0c1d12707c37457b.jpg,false_positive,1
20231018_112728_mp4-0259_jpg.rf.ee52d872a3ee6f6c0c1d12707c37457b.jpg,false_negative,7
20231018_112728_mp4-0272_jpg.rf.aac46fef0732cb41ff1b1f0ac533575f.jpg,false_negative,9
20231018_112728_mp4-0274_jpg.rf.312943f7fb205323b76cb4023f270ac7.jpg,false_negative,6
20231018_112728_mp4-0291_jpg.rf.2e987e3d79000ef40e648ccb1bda40c5.jpg,false_negative,6
20231018_112728_mp4-0298_jpg.rf.07e4619f85aa41f272eb8d07c36abd94.jpg,false_negative,6
20231018_112728_mp4-0305_jpg.rf.50b63fde4857bec352994bb6c23f9742.jpg,false_negative,2
20231018_112728_mp4-0314_jpg.rf.03d4983b225e314c08f078c88abf3a57.jpg,false_positive,1
20231018_112728_mp4-0314_jpg.rf.03d4983b225e314c08f078c88abf3a57.jpg,false_negative,4
20231018_112728_mp4-0320_jpg.rf.36f2eaf6ec816bd3a37d92b31a1a8500.jpg,false_positive,3
20231018_112728_mp4-0320_jpg.rf.36f2eaf6ec816bd3a37d92b31a1a8500.jpg,false_negative,8
20231018_112728_mp4-0326_jpg.rf.0fc1a0fb499564f5fa25e57bde187a13.jpg,false_positive,5
20231018_112728_mp4-0326_jpg.rf.0fc1a0fb499564f5fa25e57bde187a13.jpg,false_negative,14
20231018_112728_mp4-0331_jpg.rf.9ba0b835b74b55473c1202b94aa8e7a5.jpg,false_positive,1
20231018_112728_mp4-0331_jpg.rf.9ba0b835b74b55473c1202b94aa8e7a5.jpg,false_negative,18
20231018_112728_mp4-0343_jpg.rf.64ba6eae21374b0dbbd83bc877613e6f.jpg,false_positive,1
20231018_112728_mp4-0343_jpg.rf.64ba6eae21374b0dbbd83bc877613e6f.jpg,false_negative,9
20231018_112728_mp4-0347_jpg.rf.383d93ac3143aff932aaaa79aa306636.jpg,false_positive,2
20231018_112728_mp4-0347_jpg.rf.383d93ac3143aff932aaaa79aa306636.jpg,false_negative,13
20231018_112728_mp4-0349_jpg.rf.9b6e7b703db83d917cc27ab4e6d38151.jpg,false_negative,2
20231018_112728_mp4-0361_jpg.rf.f31915023af44b48234cffe123d281d9.jpg,false_positive,6
20231018_112728_mp4-0361_jpg.rf.f31915023af44b48234cffe123d281d9.jpg,false_negative,2
20231018_112728_mp4-0364_jpg.rf.37f931fbd3ad74bbc19ede3858004447.jpg,false_positive,1
20231018_112728_mp4-0364_jpg.rf.37f931fbd3ad74bbc19ede3858004447.jpg,false_negative,2
20231018_112728_mp4-0388_jpg.rf.29b628223261b8f87fb30f39c89520dc.jpg,false_negative,3
20231018_112951_mp4-0026_jpg.rf.b9dc63f9852a992aac731dbc2285dad8.jpg,false_positive,2
20231018_112951_mp4-0026_jpg.rf.b9dc63f9852a992aac731dbc2285dad8.jpg,false_negative,4
20231018_112951_mp4-0071_jpg.rf.596186358ee487070f0817f7d7ca3f66.jpg,false_negative,7
20231018_112951_mp4-0082_jpg.rf.53423d44832070c989aef964d6552807.jpg,false_negative,3
20231018_112951_mp4-0107_jpg.rf.940656bd6900beded4e481d35a3e212b.jpg,false_positive,2
20231018_112951_mp4-0107_jpg.rf.940656bd6900beded4e481d35a3e212b.jpg,false_negative,2
20231018_113043_mp4-0001_jpg.rf.4a98b26cc62ab412fa2c093f44a49ea1.jpg,false_positive,2
20231018_113043_mp4-0001_jpg.rf.4a98b26cc62ab412fa2c093f44a49ea1.jpg,false_negative,5
20231018_113043_mp4-0003_jpg.rf.c1791cf22d4cf0154e1f925b55b52302.jpg,false_positive,1
20231018_113043_mp4-0003_jpg.rf.c1791cf22d4cf0154e1f925b55b52302.jpg,false_negative,3
20231018_113043_mp4-0008_jpg.rf.0fcf21f5a0b174b703c520210da6e1aa.jpg,false_negative,6
20231018_113043_mp4-0021_jpg.rf.978aa52d37320bb45d37f10b13f91468.jpg,false_negative,3
20231018_113043_mp4-0030_jpg.rf.df2d467b40238cdd5a89e0720626b1aa.jpg,false_negative,10
20231018_113043_mp4-0045_jpg.rf.af4e56189e594b248071d9cddf801e2d.jpg,false_negative,2
20231018_113043_mp4-0070_jpg.rf.9241a939fa2c0f42847b081ba7944590.jpg,false_negative,7
20231018_113043_mp4-0081_jpg.rf.13dc3ed591956459df961b86fb86f6ec.jpg,false_positive,1
20231018_113043_mp4-0081_jpg.rf.13dc3ed591956459df961b86fb86f6ec.jpg,false_negative,1
20231018_113043_mp4-0088_jpg.rf.1e5b8d8102f17033d42c856e8447430b.jpg,false_positive,1
20231018_113043_mp4-0088_jpg.rf.1e5b8d8102f17033d42c856e8447430b.jpg,false_negative,6
20231018_113043_mp4-0091_jpg.rf.61198252f7bdfea4c708649e6d9dfabd.jpg,false_positive,1
20231018_113043_mp4-0091_jpg.rf.61198252f7bdfea4c708649e6d9dfabd.jpg,false_negative,6
20231018_113043_mp4-0093_jpg.rf.958a23cc09fcef7c63b932c3d54a81e7.jpg,false_positive,1
20231018_113043_mp4-0093_jpg.rf.958a23cc09fcef7c63b932c3d54a81e7.jpg,false_negative,6
20231018_113043_mp4-0111_jpg.rf.ba2acbccc872e19ee1c20da82d805809.jpg,false_negative,2
20231018_113043_mp4-0118_jpg.rf.2f6b2fbbdec83fe9183b308d99a3ceba.jpg,false_positive,3
20231018_113043_mp4-0118_jpg.rf.2f6b2fbbdec83fe9183b308d99a3ceba.jpg,false_negative,2
20231018_113043_mp4-0124_jpg.rf.55c33d6af5b36c8d8281cf96229a7a31.jpg,false_negative,8
20231018_113043_mp4-0148_jpg.rf.40698a454967307e84c49ee4e5428d49.jpg,false_positive,1
20231018_113043_mp4-0148_jpg.rf.40698a454967307e84c49ee4e5428d49.jpg,false_negative,3
20231018_113043_mp4-0160_jpg.rf.306571605797335cf2bb8b40fe49ffc6.jpg,false_positive,2
20231018_113043_mp4-0160_jpg.rf.306571605797335cf2bb8b40fe49ffc6.jpg,false_negative,2
20231018_113043_mp4-0162_jpg.rf.a97f5ab5cc8afb3864a1beff84375ae1.jpg,false_negative,3
20231018_113043_mp4-0163_jpg.rf.243af378b8df218839a52646371c74ef.jpg,false_negative,6
20231018_113043_mp4-0227_jpg.rf.da6ef26b99f332c01a65efb672bc5ea5.jpg,false_negative,5
20231018_113043_mp4-0228_jpg.rf.a89edffee2cac5b291a373ac3cac2eda.jpg,false_negative,14
20231018_113043_mp4-0229_jpg.rf.a7d376065b70a5792bb471d8d928f916.jpg,false_negative,7
20231018_113043_mp4-0268_jpg.rf.308f8ac457fb8a59cc090a6335f99555.jpg,false_positive,2
20231018_113043_mp4-0268_jpg.rf.308f8ac457fb8a59cc090a6335f99555.jpg,false_negative,15
20231018_113043_mp4-0278_jpg.rf.2b06496cab422fff4c73282c57219f7d.jpg,false_positive,1
20231018_113043_mp4-0279_jpg.rf.dbb2ea5373fbbb92cca2be4e08a34380.jpg,false_negative,9
20231018_113043_mp4-0287_jpg.rf.e378bcb7789ad4a493fa50843685311d.jpg,false_positive,2
20231018_113043_mp4-0287_jpg.rf.e378bcb7789ad4a493fa50843685311d.jpg,false_negative,3
20231018_113043_mp4-0294_jpg.rf.e7d8bed551b37d25b3114d30c4d3bd2c.jpg,false_negative,8
20231018_113518_mp4-0017_jpg.rf.87db928808e8234e390b1dda965b7676.jpg,false_positive,2
20231018_113518_mp4-0017_jpg.rf.87db928808e8234e390b1dda965b7676.jpg,false_negative,3
20231018_113518_mp4-0022_jpg.rf.5e3d01ee01f8435b1292454716ebe5fd.jpg,false_positive,1
20231018_113518_mp4-0022_jpg.rf.5e3d01ee01f8435b1292454716ebe5fd.jpg,false_negative,5
20231018_113518_mp4-0027_jpg.rf.8d50a506daf5718aacfdfc6b49ad5b94.jpg,false_positive,1
20231018_113518_mp4-0027_jpg.rf.8d50a506daf5718aacfdfc6b49ad5b94.jpg,false_negative,9
20231018_113518_mp4-0082_jpg.rf.339183239dd1b7c78341ba58e68e65ea.jpg,false_positive,6
20231018_113518_mp4-0082_jpg.rf.339183239dd1b7c78341ba58e68e65ea.jpg,false_negative,35
20231018_113518_mp4-0086_jpg.rf.6806c6fc3be35ce3eb0bd94d039e1799.jpg,false_positive,5
20231018_113518_mp4-0086_jpg.rf.6806c6fc3be35ce3eb0bd94d039e1799.jpg,false_negative,9
20231018_113518_mp4-0093_jpg.rf.923a82f43e4d775f5c5d4017533e348b.jpg,false_positive,2
20231018_113518_mp4-0093_jpg.rf.923a82f43e4d775f5c5d4017533e348b.jpg,false_negative,7
20231018_113518_mp4-0096_jpg.rf.64e358f4e0253d17c6247be2c36dc7ff.jpg,false_positive,1
20231018_113518_mp4-0096_jpg.rf.64e358f4e0253d17c6247be2c36dc7ff.jpg,false_negative,6
20231018_113518_mp4-0107_jpg.rf.ee235b538b2bfa58096e88b7c576ffc4.jpg,false_negative,7
20231018_113518_mp4-0120_jpg.rf.d3d39673a2abff5aa8fecf8e987538a8.jpg,false_positive,4
20231018_113518_mp4-0120_jpg.rf.d3d39673a2abff5aa8fecf8e987538a8.jpg,false_negative,11
20231018_113518_mp4-0188_jpg.rf.74b7492430ac1bda334a851bbffe4c28.jpg,false_negative,5
20231018_113518_mp4-0217_jpg.rf.cdac29651eebfdf6ad5d197ddc5cc1e8.jpg,false_negative,1
20231018_113518_mp4-0227_jpg.rf.4ee4ca1cc214e047895fab782bb7831c.jpg,false_negative,4
20231018_113943_mp4-0002_jpg.rf.c5650d6fbdc0d270cbc844b732ac1008.jpg,false_positive,1
20231018_113943_mp4-0002_jpg.rf.c5650d6fbdc0d270cbc844b732ac1008.jpg,false_negative,1
20231018_113943_mp4-0010_jpg.rf.8a66938ab155dbb4418851f77015fd3f.jpg,false_negative,3
20231018_113943_mp4-0110_jpg.rf.dd9361185337cfadb6e3ad951325b043.jpg,false_negative,7
20231018_113943_mp4-0147_jpg.rf.602e7824e0979cd95da8893855fc33ed.jpg,false_positive,1
20231018_113943_mp4-0147_jpg.rf.602e7824e0979cd95da8893855fc33ed.jpg,false_negative,7
20231018_114843_mp4-0071_jpg.rf.4df3e2b800d492219f61744be189731e.jpg,false_positive,4
20231018_114843_mp4-0071_jpg.rf.4df3e2b800d492219f61744be189731e.jpg,false_negative,1
20231018_114843_mp4-0075_jpg.rf.fe90489afb824130be1d9b6da0aee0f7.jpg,false_negative,2
20231018_114843_mp4-0093_jpg.rf.dbce1348f3c2dbf093a4a134bbb07b67.jpg,false_positive,4
20231018_114843_mp4-0093_jpg.rf.dbce1348f3c2dbf093a4a134bbb07b67.jpg,false_negative,4
20231018_114843_mp4-0107_jpg.rf.9c354f1b9f8c1dab1b1f92eec557c195.jpg,false_positive,2
20231018_114843_mp4-0107_jpg.rf.9c354f1b9f8c1dab1b1f92eec557c195.jpg,false_negative,5
20231018_114843_mp4-0108_jpg.rf.04cb51fe38a71ebe3aee450b0dd972ca.jpg,false_positive,1
20231018_114843_mp4-0108_jpg.rf.04cb51fe38a71ebe3aee450b0dd972ca.jpg,false_negative,9
20231018_114843_mp4-0133_jpg.rf.25492dd3301f58deac37bc94a50d6f48.jpg,false_positive,2
20231018_114843_mp4-0160_jpg.rf.15f9ec835f57f859dc21ead9f7ffd4bc.jpg,false_negative,3
20231018_114843_mp4-0161_jpg.rf.91af5b57e23a454b3caedcd31825ccd4.jpg,false_negative,3
20231018_114843_mp4-0169_jpg.rf.d4a36e456bc00a9a724c465d4347ba5f.jpg,false_negative,1
20231018_114952_mp4-0011_jpg.rf.f98007e966e81429a8dfbb9ab65cdaa1.jpg,false_negative,1
20231018_114952_mp4-0016_jpg.rf.e54e673f4f808b56a3df7b3d10bfe26e.jpg,false_negative,4
20231018_114952_mp4-0021_jpg.rf.57ccd8b5fc4a94c18ba8416d509e93c0.jpg,false_negative,3
20231018_114952_mp4-0033_jpg.rf.c2f572f272d18ff2b1cf74f36017983e.jpg,false_negative,5
20231018_114952_mp4-0074_jpg.rf.50fd33a542ad5308f0fb280eb11b598b.jpg,false_positive,1
20231018_114952_mp4-0074_jpg.rf.50fd33a542ad5308f0fb280eb11b598b.jpg,false_negative,1
20231018_114952_mp4-0075_jpg.rf.ca37c8b3c805b0a248294b97d2841cee.jpg,false_positive,1
20231018_114952_mp4-0075_jpg.rf.ca37c8b3c805b0a248294b97d2841cee.jpg,false_negative,1
20231018_114952_mp4-0082_jpg.rf.4507e7a261806a72f80cf9ccbeeb4b0a.jpg,false_positive,1
20231018_114952_mp4-0082_jpg.rf.4507e7a261806a72f80cf9ccbeeb4b0a.jpg,false_negative,3
20231018_114952_mp4-0130_jpg.rf.9ef507642586087439404aaad1f935f9.jpg,false_negative,5
20231018_114952_mp4-0174_jpg.rf.033fe76a8a689ae878eb768cec01af2d.jpg,false_negative,2
20231018_114952_mp4-0211_jpg.rf.fb3ecf19371b12603252d317b0c216c3.jpg,false_negative,3
20231018_114952_mp4-0245_jpg.rf.e98bc77c0cf09d45fddc5e97d235aa85.jpg,false_positive,3
20231018_114952_mp4-0245_jpg.rf.e98bc77c0cf09d45fddc5e97d235aa85.jpg,false_negative,16
20231018_114952_mp4-0248_jpg.rf.5fad99eed3e04debec05fcf67603aacb.jpg,false_positive,2
20231018_114952_mp4-0248_jpg.rf.5fad99eed3e04debec05fcf67603aacb.jpg,false_negative,14
20231018_114952_mp4-0264_jpg.rf.e55953fe2d0470f78854fd602aaff389.jpg,false_positive,1
20231018_114952_mp4-0264_jpg.rf.e55953fe2d0470f78854fd602aaff389.jpg,false_negative,9
20231018_114952_mp4-0283_jpg.rf.ec49e1d2b590dc0a4d43232f11503c19.jpg,false_negative,5
20231018_114952_mp4-0290_jpg.rf.ec1ba266cf9ab9b66817b602a6bcac3d.jpg,false_negative,7
20231018_114952_mp4-0293_jpg.rf.d552a800669a43970e180c44ae1591d2.jpg,false_positive,1
20231018_114952_mp4-0325_jpg.rf.3dd57076ddc221cf702b68788d6ea893.jpg,false_negative,2
20231018_114952_mp4-0336_jpg.rf.7de90355d120bca635dd8ed3f2aa274c.jpg,false_negative,4
20231018_114952_mp4-0370_jpg.rf.05b386397a81d681f18a661cb8fb0885.jpg,false_negative,7
20231018_114952_mp4-0398_jpg.rf.28036fecf77a8bbd1f394296bb6d2281.jpg,false_negative,3
20231018_114952_mp4-0422_jpg.rf.bceab5caf569ff26743f098b2ec0a839.jpg,false_negative,6
20231018_114952_mp4-0437_jpg.rf.74578ccb755e0ea18f513d3ae49ae44e.jpg,false_positive,1
20231018_114952_mp4-0437_jpg.rf.74578ccb755e0ea18f513d3ae49ae44e.jpg,false_negative,1
20231018_114952_mp4-0452_jpg.rf.53c9ff3ff3fd69d42ef46be6314bfa47.jpg,false_negative,5
20231018_114952_mp4-0458_jpg.rf.ecf7dafca43604c355d97bab4e27ddf7.jpg,false_negative,4
20231018_114952_mp4-0463_jpg.rf.0cc11fa1e288dfe3a05647fd082508f2.jpg,false_positive,1
20231018_114952_mp4-0463_jpg.rf.0cc11fa1e288dfe3a05647fd082508f2.jpg,false_negative,1
20231018_114952_mp4-0488_jpg.rf.35b5626dd30141138e258a05b592c9d0.jpg,false_negative,4
20231018_114952_mp4-0542_jpg.rf.ecc8d686a46ecf27bfc26c0c9b3b7a0e.jpg,false_positive,1
20231018_114952_mp4-0542_jpg.rf.ecc8d686a46ecf27bfc26c0c9b3b7a0e.jpg,false_negative,4
20231018_114952_mp4-0564_jpg.rf.03ded7c6cc203100b179082e3f1b0c3b.jpg,false_positive,1
20231018_114952_mp4-0564_jpg.rf.03ded7c6cc203100b179082e3f1b0c3b.jpg,false_negative,2
20231018_114952_mp4-0569_jpg.rf.22aa1e430b6691b6a288648336776033.jpg,false_negative,4
20231018_120709_mp4-0013_jpg.rf.be27d9bebf0b149fa9c2ec36119e64d3.jpg,false_negative,20
20231018_120709_mp4-0029_jpg.rf.1ad5042bcb9ee43b49f7668e13a8d2da.jpg,false_positive,1
20231018_120709_mp4-0029_jpg.rf.1ad5042bcb9ee43b49f7668e13a8d2da.jpg,false_negative,9
20231018_120709_mp4-0087_jpg.rf.66581c535969a925180d633214646e20.jpg,false_negative,4
20231018_120709_mp4-0100_jpg.rf.52ceb510ba0f86c7a6618efb65d5c819.jpg,false_positive,1
20231018_120709_mp4-0100_jpg.rf.52ceb510ba0f86c7a6618efb65d5c819.jpg,false_negative,2
20231018_120709_mp4-0108_jpg.rf.ac66c0a65c31a17136f1ed2cb665313c.jpg,false_negative,2
20231018_120709_mp4-0113_jpg.rf.2f9feb8eca36419c033b2d894dc4aa9c.jpg,false_negative,6
20231018_120709_mp4-0124_jpg.rf.880a506d1364220529c8acddfa6326fa.jpg,false_positive,1
20231018_120709_mp4-0124_jpg.rf.880a506d1364220529c8acddfa6326fa.jpg,false_negative,2
20231018_120709_mp4-0181_jpg.rf.b8bfc6509d5260d40b294e7bf3eb213b.jpg,false_negative,5
20231018_120709_mp4-0194_jpg.rf.0c9384ebae7c5bd354b2beb237def2a1.jpg,false_negative,8
20231018_120709_mp4-0219_jpg.rf.ed4b8bee3fc69762552f11655a434bf2.jpg,false_negative,1
IMG_20201114_100209_jpg.rf.0deb886c5f795e22829945b0c578b1bf.jpg,false_positive,3
IMG_20201114_101124_jpg.rf.06110e501036ecfcd2ebd9aa674d6680.jpg,false_negative,5
IMG_20201114_101200_jpg.rf.9437aed5c69794dd9791020b42cfac73.jpg,false_positive,1
IMG_20201114_101756_jpg.rf.5b58538a5bcbb1e9437002fe65c33bc1.jpg,false_positive,3
IMG_20201114_101756_jpg.rf.5b58538a5bcbb1e9437002fe65c33bc1.jpg,false_negative,2
IMG_20201114_101907_jpg.rf.5c225ce5f097d8048123927ee31414ba.jpg,false_positive,1
IMG_20201114_101907_jpg.rf.5c225ce5f097d8048123927ee31414ba.jpg,false_negative,2
IMG_20201114_102203_jpg.rf.483fe8e75e781db72032ff0d8493a538.jpg,false_negative,2
IMG_20201114_102222_jpg.rf.2b838d65eb6f52b8117d4a319b1e8645.jpg,false_positive,1
IMG_20201114_102222_jpg.rf.2b838d65eb6f52b8117d4a319b1e8645.jpg,false_negative,1
IMG_20201114_102253_jpg.rf.aa89a9a4a3d77a1eb7d28b9b6f2aaddf.jpg,false_positive,1
IMG_20201114_102253_jpg.rf.aa89a9a4a3d77a1eb7d28b9b6f2aaddf.jpg,false_negative,1
IMG_20201114_102819_jpg.rf.4bb7d08b3ad001345b6e9bf77926a213.jpg,false_positive,1
IMG_20201114_102819_jpg.rf.4bb7d08b3ad001345b6e9bf77926a213.jpg,false_negative,4
IMG_20201114_103110_jpg.rf.8401f276df163dd6e2f30e67cea457ff.jpg,false_positive,2
Rail_1_mp4-0023_jpg.rf.299f21369fa00ba159012f303bf4600a.jpg,false_negative,4
Rail_1_mp4-0029_jpg.rf.b99d45a808add36cfb5b8c3ababcc9e1.jpg,false_positive,2
Rail_1_mp4-0029_jpg.rf.b99d45a808add36cfb5b8c3ababcc9e1.jpg,false_negative,6
Rail_1_mp4-0034_jpg.rf.c04ae522df7d31f34a7a8f061148eef7.jpg,false_negative,8
Rail_1_mp4-0037_jpg.rf.c306980d615971a583dfaff9259e9d3c.jpg,false_positive,1
Rail_1_mp4-0037_jpg.rf.c306980d615971a583dfaff9259e9d3c.jpg,false_negative,6
Rail_1_mp4-0040_jpg.rf.4df70cc84d39770a291b3459e6eda768.jpg,false_positive,1
Rail_1_mp4-0040_jpg.rf.4df70cc84d39770a291b3459e6eda768.jpg,false_negative,7
Rail_1_mp4-0067_jpg.rf.f9d0a64e5fbf5a0bd252a540b89de2ba.jpg,false_positive,1
Rail_1_mp4-0067_jpg.rf.f9d0a64e5fbf5a0bd252a540b89de2ba.jpg,false_negative,9
Rail_1_mp4-0077_jpg.rf.4e269bea11dd73f9437bc17524b04763.jpg,false_negative,10
Rail_1_mp4-0079_jpg.rf.ab6aea66470ed5632b95dd6a1492bdda.jpg,false_negative,9
Rail_1_mp4-0083_jpg.rf.1efb52b7cdb3a2922e7a444b1b51be74.jpg,false_negative,4
Rail_1_mp4-0114_jpg.rf.14fcb1f507008d2fd008c5acd191ac5e.jpg,false_positive,3
Rail_1_mp4-0135_jpg.rf.ba7107964905a93d2774c7d78a37d5c9.jpg,false_positive,2
Rail_1_mp4-0135_jpg.rf.ba7107964905a93d2774c7d78a37d5c9.jpg,false_negative,2
Rail_1_mp4-0136_jpg.rf.b59f419bab24b5f476ae78d37d802736.jpg,false_positive,1
Rail_1_mp4-0136_jpg.rf.b59f419bab24b5f476ae78d37d802736.jpg,false_negative,2
Rail_1_mp4-0138_jpg.rf.2c20dc2635b6d8f449dec7a73c122901.jpg,false_negative,3
VID-20231018-WA0003_mp4-0034_jpg.rf.167074546d8c2ca48f3a16a250ddf401.jpg,false_positive,1
VID-20231018-WA0003_mp4-0107_jpg.rf.2c73c1415eac44a7f07bc3a2471793a7.jpg,false_positive,1
VID-20231018-WA0003_mp4-0172_jpg.rf.8db0a84f8940aaa550b73d98fa00a1ef.jpg,false_positive,1
VID-20231018-WA0004_mp4-0233_jpg.rf.9b31c5f793f2509f6cb940e204c66f00.jpg,false_positive,1
VID-20231018-WA0004_mp4-0233_jpg.rf.9b31c5f793f2509f6cb940e204c66f00.jpg,false_negative,1
VID-20231018-WA0005_mp4-0020_jpg.rf.6eae4348fa5ba165d0608f94379a0cb5.jpg,false_negative,5
VID-20231018-WA0005_mp4-0029_jpg.rf.82a88e49abafabb21ea23a5f25852f1c.jpg,false_negative,5
VID-20231018-WA0005_mp4-0039_jpg.rf.2b2916cdb26b3f3df32209c949b62e3b.jpg,false_positive,1
VID-20231018-WA0005_mp4-0039_jpg.rf.2b2916cdb26b3f3df32209c949b62e3b.jpg,false_negative,2
VID-20231018-WA0005_mp4-0076_jpg.rf.2c49879e33bda9d6dc1a7037cdec9104.jpg,false_negative,1
VID-20231018-WA0005_mp4-0086_jpg.rf.1f8b1ed357e499613178e83d9a38274a.jpg,false_negative,1
VID-20231018-WA0005_mp4-0134_jpg.rf.f9b6121b76f7c04f1cc76825063cfc14.jpg,false_negative,3
VID-20231018-WA0005_mp4-0177_jpg.rf.036269f01dbac968ac812c3637a12635.jpg,false_negative,1
VID-20231018-WA0005_mp4-0187_jpg.rf.23d86432739c38c95fca3c693961e43f.jpg,false_positive,2
VID-20231018-WA0005_mp4-0187_jpg.rf.23d86432739c38c95fca3c693961e43f.jpg,false_negative,4
VID-20231018-WA0005_mp4-0188_jpg.rf.5d0ac4a1663856d6d8cc645ca4f78cbd.jpg,false_negative,2
VID-20231018-WA0005_mp4-0254_jpg.rf.8ad30844b7d01f93490bef1591f7360e.jpg,false_negative,1
VID-20231018-WA0005_mp4-0257_jpg.rf.a3269bd63c8dbae49cc6508fda8b911a.jpg,false_negative,2
VID-20231018-WA0005_mp4-0277_jpg.rf.c206acc726e8eef27144d5b6fdd194d9.jpg,false_negative,3
VID-20231018-WA0005_mp4-0280_jpg.rf.b034b22f9ad73c9a477f2e2ee2b9a7da.jpg,false_negative,3
VID-20231018-WA0006_mp4-0020_jpg.rf.d3553cc50df9f3f4d9bbce7ab78b388d.jpg,false_positive,1
VID-20231018-WA0006_mp4-0020_jpg.rf.d3553cc50df9f3f4d9bbce7ab78b388d.jpg,false_negative,7
VID-20231018-WA0006_mp4-0027_jpg.rf.1abfef3bf2c4a41f9c875b5d774142d3.jpg,false_negative,3
VID-20231018-WA0006_mp4-0123_jpg.rf.bf19ca269eaf4a394b237938992347a6.jpg,false_positive,3
VID-20231018-WA0006_mp4-0123_jpg.rf.bf19ca269eaf4a394b237938992347a6.jpg,false_negative,5
VID-20231018-WA0007_mp4-0037_jpg.rf.912b7c7fae4d628caf82387a455ab810.jpg,false_negative,1
VID-20231018-WA0007_mp4-0079_jpg.rf.73c517d1b576eb6461de0420b5d49354.jpg,false_positive,1
VID-20231018-WA0007_mp4-0079_jpg.rf.73c517d1b576eb6461de0420b5d49354.jpg,false_negative,1
VID-20231018-WA0007_mp4-0169_jpg.rf.229442c64341e400c3fe5723ba3f33a0.jpg,false_negative,1
VID-20231018-WA0007_mp4-0207_jpg.rf.164c516202ddedd4da0d8a2ceea8e1f6.jpg,false_negative,1
VID-20231018-WA0008_mp4-0097_jpg.rf.2535b8124205037b9dfa09bcfe5aaf34.jpg,false_positive,1
VID-20231018-WA0008_mp4-0097_jpg.rf.2535b8124205037b9dfa09bcfe5aaf34.jpg,false_negative,2
VID-20231018-WA0009_mp4-0060_jpg.rf.a21f557c0e226001bef2e2805bf06d0b.jpg,false_positive,2
VID-20231018-WA0009_mp4-0060_jpg.rf.a21f557c0e226001bef2e2805bf06d0b.jpg,false_negative,5
VID-20231018-WA0009_mp4-0066_jpg.rf.61a9014c1e03c0a69b74ff7a39e04251.jpg,false_negative,2
VID-20231018-WA0009_mp4-0170_jpg.rf.5557c25a28f637f1d453d0b3e39d3038.jpg,false_negative,1
VID-20231018-WA0009_mp4-0230_jpg.rf.6ede09fa7fb4baaec7da58888bdb41aa.jpg,false_negative,2
VID-20231018-WA0010_mp4-0028_jpg.rf.c6b7d7146c7db040efc510cb3d96dcc5.jpg,false_negative,2
VID-20231018-WA0010_mp4-0058_jpg.rf.e1d92ad3112732ded940ece2764ed3a9.jpg,false_positive,1
VID-20231018-WA0010_mp4-0062_jpg.rf.5dc22fe0336b15e2192493d09a40c4d1.jpg,false_positive,1
VID-20231018-WA0010_mp4-0100_jpg.rf.1c70e1ad5770bf3790b752fa17bb8fb2.jpg,false_positive,1
VID-20231018-WA0010_mp4-0144_jpg.rf.2a0c6f43ce2d667082da398a80e1e049.jpg,false_positive,3
VID-20231018-WA0010_mp4-0144_jpg.rf.2a0c6f43ce2d667082da398a80e1e049.jpg,false_negative,4
VID-20231018-WA0010_mp4-0148_jpg.rf.dcef885edc9aa785bf43c7c6af4bdc52.jpg,false_positive,1
VID-20231018-WA0010_mp4-0148_jpg.rf.dcef885edc9aa785bf43c7c6af4bdc52.jpg,false_negative,2
VID-20231018-WA0010_mp4-0157_jpg.rf.0e6f4a0e52205dc9b2047c4be6cd29ed.jpg,false_negative,2
VID-20231018-WA0010_mp4-0176_jpg.rf.9ed2371f6748a2daedb847711ceb7e68.jpg,false_positive,1
VID-20231018-WA0010_mp4-0179_jpg.rf.04f47d04bf1eac65e88692488efae428.jpg,false_negative,2
VID-20231018-WA0010_mp4-0185_jpg.rf.12cd28ec55ffaef138551e1a6e22250e.jpg,false_negative,3
VID-20231018-WA0010_mp4-0199_jpg.rf.2fc3b95fb9e123e38684693e29bdb637.jpg,false_negative,4
VID-20231018-WA0010_mp4-0223_jpg.rf.e80dc42e9a4ec6c86a94777ea2de74c3.jpg,false_negative,1
VID-20231018-WA0010_mp4-0232_jpg.rf.3ba76fabc5633e9d5ffa1bde8ec78e08.jpg,false_negative,2
VID-20231018-WA0010_mp4-0236_jpg.rf.cba48bd1d6c48ea60582da2ca47693ed.jpg,false_negative,6
VID-20231018-WA0010_mp4-0299_jpg.rf.32f2c0598c69543e208f70f8e4173481.jpg,false_positive,2
VID-20231018-WA0010_mp4-0299_jpg.rf.32f2c0598c69543e208f70f8e4173481.jpg,false_negative,4
VID-20231018-WA0010_mp4-0314_jpg.rf.1b71f33945adbd734d321b214787263a.jpg,false_positive,2
VID-20231018-WA0010_mp4-0314_jpg.rf.1b71f33945adbd734d321b214787263a.jpg,false_negative,3
VID-20231018-WA0011_mp4-0084_jpg.rf.8b5e7697b4697f8adf99401ddbc2e8a2.jpg,false_positive,3
VID-20231018-WA0011_mp4-0084_jpg.rf.8b5e7697b4697f8adf99401ddbc2e8a2.jpg,false_negative,3
VID-20231018-WA0011_mp4-0159_jpg.rf.218beaefd393577d7329d387d94d940d.jpg,false_negative,2
VID-20231018-WA0011_mp4-0168_jpg.rf.97bb5a90cac27591ba31829b54f03011.jpg,false_negative,1
VID-20231018-WA0011_mp4-0170_jpg.rf.1901e8f22d229a714792f65ca8766e47.jpg,false_negative,1
VID-20231018-WA0011_mp4-0297_jpg.rf.cc0049b80b52ff039de9ba8e64e2585d.jpg,false_negative,1
VID-20231018-WA0012_mp4-0010_jpg.rf.af87a55226bad8420eb8c54d09893be2.jpg,false_positive,1
VID-20231018-WA0012_mp4-0010_jpg.rf.af87a55226bad8420eb8c54d09893be2.jpg,false_negative,2
VID-20231018-WA0012_mp4-0056_jpg.rf.452ca39c2f61c52d3835f711c80cea45.jpg,false_positive,3
VID-20231018-WA0012_mp4-0056_jpg.rf.452ca39c2f61c52d3835f711c80cea45.jpg,false_negative,1
VID-20231018-WA0012_mp4-0061_jpg.rf.1a4683c2000bef36e9c9cecce7d47d73.jpg,false_positive,1
VID-20231018-WA0012_mp4-0061_jpg.rf.1a4683c2000bef36e9c9cecce7d47d73.jpg,false_negative,2
VID-20231018-WA0012_mp4-0069_jpg.rf.9bf48d66209654bfe18c37a369a93f39.jpg,false_negative,3
VID-20231018-WA0012_mp4-0077_jpg.rf.289f0a7cbce0dd796964e0c893987c21.jpg,false_negative,6
VID-20231018-WA0012_mp4-0089_jpg.rf.ece5ff05f7b6ee5babe39db9d7218151.jpg,false_negative,4
VID-20231018-WA0012_mp4-0111_jpg.rf.673c5d0ea689a3aa88e89aa31ab92d6f.jpg,false_positive,2
VID-20231018-WA0012_mp4-0111_jpg.rf.673c5d0ea689a3aa88e89aa31ab92d6f.jpg,false_negative,1
VID-20231018-WA0012_mp4-0178_jpg.rf.34569f112fcb90edac500e16d5feca88.jpg,false_positive,1
VID-20231018-WA0012_mp4-0178_jpg.rf.34569f112fcb90edac500e16d5feca88.jpg,false_negative,3
VID-20231018-WA0012_mp4-0221_jpg.rf.663e925af63ec3969b85e82fd1ab6818.jpg,false_negative,1
VID-20231018-WA0012_mp4-0274_jpg.rf.4243a6d0b519e40aa5a19405afaf0b3e.jpg,false_positive,1
VID-20231018-WA0012_mp4-0274_jpg.rf.4243a6d0b519e40aa5a19405afaf0b3e.jpg,false_negative,1
VID-20231018-WA0013_mp4-0043_jpg.rf.f49e7688d0850f28ff4f9e82d9ccb523.jpg,false_positive,1
VID-20231018-WA0013_mp4-0043_jpg.rf.f49e7688d0850f28ff4f9e82d9ccb523.jpg,false_negative,1
VID-20231018-WA0013_mp4-0131_jpg.rf.ed8d12b9511d462cda66a5af0d8b9b48.jpg,false_negative,1
VID-20231018-WA0013_mp4-0145_jpg.rf.15786ce8ec67a8ca5a5e80e06632b605.jpg,false_positive,2
VID-20231018-WA0013_mp4-0145_jpg.rf.15786ce8ec67a8ca5a5e80e06632b605.jpg,false_negative,1
VID-20231018-WA0013_mp4-0171_jpg.rf.5296e413378f2939e8113c027022d3a9.jpg,false_negative,3
VID-20231018-WA0013_mp4-0188_jpg.rf.941a2e3b5d500fc906827b5e9473f05c.jpg,false_negative,1
VID-20231018-WA0013_mp4-0195_jpg.rf.84ad8255908ecd639b19ed91629fcdc7.jpg,false_positive,3
VID-20231018-WA0013_mp4-0195_jpg.rf.84ad8255908ecd639b19ed91629fcdc7.jpg,false_negative,5
VID-20231018-WA0013_mp4-0203_jpg.rf.c343d1fb53224f29bfa08adca6b7d44d.jpg,false_negative,5
VID-20231018-WA0013_mp4-0206_jpg.rf.df61d9b91a2d4f4f6da0f6d056611fb8.jpg,false_positive,1
VID-20231018-WA0013_mp4-0206_jpg.rf.df61d9b91a2d4f4f6da0f6d056611fb8.jpg,false_negative,2
VID-20231018-WA0013_mp4-0215_jpg.rf.396359c60a8a0fad80632dd847e0507e.jpg,false_positive,2
VID-20231018-WA0013_mp4-0215_jpg.rf.396359c60a8a0fad80632dd847e0507e.jpg,false_negative,4
VID-20231018-WA0013_mp4-0315_jpg.rf.0336b28adcd0ab109cf3080f15c47a94.jpg,false_positive,1
VID-20231018-WA0013_mp4-0315_jpg.rf.0336b28adcd0ab109cf3080f15c47a94.jpg,false_negative,2
VID-20231018-WA0014_mp4-0002_jpg.rf.9f627b052c62a6860d9b782037cd233e.jpg,false_positive,3
VID-20231018-WA0014_mp4-0002_jpg.rf.9f627b052c62a6860d9b782037cd233e.jpg,false_negative,5
VID-20231018-WA0014_mp4-0003_jpg.rf.122ae996831a466c486f67f0f37cbff2.jpg,false_positive,4
VID-20231018-WA0014_mp4-0003_jpg.rf.122ae996831a466c486f67f0f37cbff2.jpg,false_negative,7
VID-20231018-WA0014_mp4-0021_jpg.rf.504d025b108fb4d7f91c1f1769846779.jpg,false_positive,1
VID-20231018-WA0014_mp4-0021_jpg.rf.504d025b108fb4d7f91c1f1769846779.jpg,false_negative,4
VID-20231018-WA0014_mp4-0027_jpg.rf.0cbe45220d66552c35fde13590732b17.jpg,false_negative,2
VID-20231018-WA0014_mp4-0034_jpg.rf.f3da1f9de072dec7c2be18c3a9f85c80.jpg,false_negative,3
VID-20231018-WA0014_mp4-0044_jpg.rf.ae219181c11904fd49d56e6d12427f93.jpg,false_negative,7
VID-20231018-WA0014_mp4-0046_jpg.rf.8ba4035a7fc535a522f9e1a3ca8001fe.jpg,false_negative,4
VID-20231018-WA0014_mp4-0056_jpg.rf.bb9a59425558b27c9d8330774c35baab.jpg,false_positive,1
VID-20231018-WA0014_mp4-0057_jpg.rf.4214d8b972625e30bcfbd59cdbeff28e.jpg,false_positive,1
VID-20231018-WA0014_mp4-0057_jpg.rf.4214d8b972625e30bcfbd59cdbeff28e.jpg,false_negative,1
VID-20231018-WA0014_mp4-0065_jpg.rf.c6628a9adbc7aec5e9255d7b5f4ba4db.jpg,false_negative,8
VID-20231018-WA0014_mp4-0071_jpg.rf.e85f5b0c9518f70c760201369c3c001a.jpg,false_negative,5
VID-20231018-WA0014_mp4-0099_jpg.rf.515ab09f2782a355aae3f63457a6a225.jpg,false_positive,1
VID-20231018-WA0014_mp4-0112_jpg.rf.604dba61a9278e17b9adc9c096006ea9.jpg,false_positive,1
VID-20231018-WA0014_mp4-0112_jpg.rf.604dba61a9278e17b9adc9c096006ea9.jpg,false_negative,3
VID-20231018-WA0014_mp4-0121_jpg.rf.176ef1d5bb02fff6aaddb53099eabfc5.jpg,false_negative,1
VID-20231018-WA0014_mp4-0124_jpg.rf.480fa654d4d27c2ea965e28eb3bb775e.jpg,false_positive,1
VID-20231018-WA0014_mp4-0124_jpg.rf.480fa654d4d27c2ea965e28eb3bb775e.jpg,false_negative,2
VID-20231018-WA0014_mp4-0140_jpg.rf.55453daff9891aec971f0edd94aa471c.jpg,false_negative,2
VID-20231018-WA0014_mp4-0181_jpg.rf.add180af6d4f29dda55d008bb76b9b88.jpg,false_positive,1
VID-20231018-WA0014_mp4-0181_jpg.rf.add180af6d4f29dda55d008bb76b9b88.jpg,false_negative,1
VID-20231018-WA0014_mp4-0192_jpg.rf.fec5ab21adbbcae9e68c4a6a77ccee92.jpg,false_positive,2
VID-20231018-WA0014_mp4-0192_jpg.rf.fec5ab21adbbcae9e68c4a6a77ccee92.jpg,false_negative,1
VID-20231018-WA0014_mp4-0193_jpg.rf.5d42382b32e30e38b226cefb21c6c187.jpg,false_negative,1
VID-20231018-WA0014_mp4-0196_jpg.rf.02156cc8544d1c6f686080e6dffb2f10.jpg,false_positive,1
VID-20231018-WA0015_mp4-0029_jpg.rf.a3415acd9a151134083140362b9d78bd.jpg,false_negative,2
VID-20231018-WA0015_mp4-0123_jpg.rf.ac66cf6e451ea46107f0ac1d0b27e18c.jpg,false_positive,3
VID-20231018-WA0015_mp4-0123_jpg.rf.ac66cf6e451ea46107f0ac1d0b27e18c.jpg,false_negative,3
VID-20231018-WA0015_mp4-0152_jpg.rf.9fd6afee762ca784c53ac3d14f5114ae.jpg,false_positive,1
VID-20231018-WA0015_mp4-0152_jpg.rf.9fd6afee762ca784c53ac3d14f5114ae.jpg,false_negative,3
VID-20231018-WA0015_mp4-0185_jpg.rf.2e8706185031310281397e53cc79c1a5.jpg,false_positive,1
VID-20231018-WA0015_mp4-0185_jpg.rf.2e8706185031310281397e53cc79c1a5.jpg,false_negative,5
VID-20231018-WA0016_mp4-0002_jpg.rf.1db898471557a15b5f2534cbcab95028.jpg,false_positive,1
VID-20231018-WA0016_mp4-0002_jpg.rf.1db898471557a15b5f2534cbcab95028.jpg,false_negative,1
VID-20231018-WA0016_mp4-0055_jpg.rf.d82b7e9bfa5b3f01389cde025e161705.jpg,false_negative,5
VID-20231018-WA0016_mp4-0148_jpg.rf.a827e15029fee68237b549f12931fc7f.jpg,false_negative,1
VID-20231018-WA0016_mp4-0176_jpg.rf.c8fb9a0292d906a22c3f3d62aac48cf4.jpg,false_negative,1
VID-20231018-WA0016_mp4-0201_jpg.rf.0a5ff755e069319d3eaf35a591481b5a.jpg,false_negative,1
VID-20231018-WA0017_mp4-0009_jpg.rf.01b592cf2c1e1c89d1077214115f41ee.jpg,false_positive,1
VID-20231018-WA0017_mp4-0009_jpg.rf.01b592cf2c1e1c89d1077214115f41ee.jpg,false_negative,5
VID-20231018-WA0017_mp4-0027_jpg.rf.f0216b9de55317ad5e74a75ba90c32dc.jpg,false_positive,1
VID-20231018-WA0017_mp4-0027_jpg.rf.f0216b9de55317ad5e74a75ba90c32dc.jpg,false_negative,2
VID-20231018-WA0017_mp4-0032_jpg.rf.ed4841c1635b50d189f6d10d4c27d4b4.jpg,false_negative,4
VID-20231018-WA0017_mp4-0052_jpg.rf.61693e8b86e7da014fe19785ac8b2d51.jpg,false_positive,1
VID-20231018-WA0017_mp4-0052_jpg.rf.61693e8b86e7da014fe19785ac8b2d51.jpg,false_negative,8
VID-20231018-WA0017_mp4-0067_jpg.rf.c2ab344aeabf443fe133aed6b6dc73d2.jpg,false_negative,5
VID-20231018-WA0017_mp4-0082_jpg.rf.c1eb27fbcc1884b15794e2b703c827a7.jpg,false_positive,2
VID-20231018-WA0017_mp4-0082_jpg.rf.c1eb27fbcc1884b15794e2b703c827a7.jpg,false_negative,1
VID-20231018-WA0017_mp4-0131_jpg.rf.d79814fa2fee506060428f6463934b47.jpg,false_positive,1
VID-20231018-WA0017_mp4-0131_jpg.rf.d79814fa2fee506060428f6463934b47.jpg,false_negative,1
VID-20231018-WA0018_mp4-0016_jpg.rf.25d8e2bc0770fea3f18ecc6fe59c3949.jpg,false_negative,1
VID-20231018-WA0018_mp4-0068_jpg.rf.e10ca474fad6a5b396ebad943f40bdb1.jpg,false_positive,2
VID-20231018-WA0018_mp4-0068_jpg.rf.e10ca474fad6a5b396ebad943f40bdb1.jpg,false_negative,1
VID-20231018-WA0018_mp4-0095_jpg.rf.7afe446ca78e2eb70280b9e3f9c39594.jpg,false_negative,3
VID-20231018-WA0018_mp4-0144_jpg.rf.6a30ce21ad5403cd0c544299f136236f.jpg,false_negative,4
VID-20231018-WA0018_mp4-0157_jpg.rf.0be43416bb255b997d09e69b5c84cc42.jpg,false_positive,1
VID-20231018-WA0018_mp4-0157_jpg.rf.0be43416bb255b997d09e69b5c84cc42.jpg,false_negative,2
VID-20231018-WA0019_mp4-0056_jpg.rf.52c95edcc454a85d864a21025daf4760.jpg,false_positive,1
VID-20231018-WA0019_mp4-0056_jpg.rf.52c95edcc454a85d864a21025daf4760.jpg,false_negative,4
VID-20231018-WA0019_mp4-0058_jpg.rf.010e2f34d75b54250e2119e7b79ac5dd.jpg,false_positive,1
VID-20231018-WA0019_mp4-0058_jpg.rf.010e2f34d75b54250e2119e7b79ac5dd.jpg,false_negative,1
VID-20231018-WA0019_mp4-0171_jpg.rf.cfc47730a7d5aa7cb91684f7a50de77c.jpg,false_positive,1
VID-20231018-WA0019_mp4-0171_jpg.rf.cfc47730a7d5aa7cb91684f7a50de77c.jpg,false_negative,2
VID-20231018-WA0020_mp4-0026_jpg.rf.77ccf8e076460e444813fe268b8bea8d.jpg,false_negative,2
VID-20231018-WA0020_mp4-0068_jpg.rf.a9a9bc56299411caecb17f4b06c36b5f.jpg,false_positive,1
VID-20231018-WA0020_mp4-0068_jpg.rf.a9a9bc56299411caecb17f4b06c36b5f.jpg,false_negative,8
VID-20231018-WA0020_mp4-0084_jpg.rf.a719198f44dcfec3fc93dc16442ab94f.jpg,false_negative,3
VID-20231018-WA0021_mp4-0005_jpg.rf.5f5aed04a6e14c8cf4c98ed0bc284479.jpg,false_negative,1
VID-20231018-WA0021_mp4-0060_jpg.rf.9c66aabb44ad0002362ecf68fdbc4778.jpg,false_positive,1
VID-20231018-WA0021_mp4-0060_jpg.rf.9c66aabb44ad0002362ecf68fdbc4778.jpg,false_negative,3
VID-20231018-WA0021_mp4-0106_jpg.rf.4001c2fa21fd4f5ff2260e129d4ce536.jpg,false_negative,1
VID-20231018-WA0021_mp4-0142_jpg.rf.4a0d45f0e19402b6da599bafeeef15b5.jpg,false_negative,2
VID-20231018-WA0021_mp4-0187_jpg.rf.82561dfa5e42d420e27942b80937c638.jpg,false_positive,1
VID-20231018-WA0022_mp4-0030_jpg.rf.2e21e7de51c88649e9534b56747edc83.jpg,false_negative,1
VID-20231018-WA0022_mp4-0065_jpg.rf.e9d2a92189e25ac598c60bacb8b8647b.jpg,false_negative,4
VID-20231018-WA0022_mp4-0071_jpg.rf.c97fc40d746bcdf033540fa1aebe1548.jpg,false_negative,4
VID-20231018-WA0022_mp4-0076_jpg.rf.d9cb0759aaac06294214b4d36ccb0419.jpg,false_positive,1
VID-20231018-WA0022_mp4-0076_jpg.rf.d9cb0759aaac06294214b4d36ccb0419.jpg,false_negative,4
WhatsApp-Video-2023-11-01-at-21_27_09_74abd296_mp4-0117_jpg.rf.8caf9f4b7e7e408c167707e643c156e1.jpg,false_negative,2
WhatsApp-Video-2023-11-01-at-21_27_09_74abd296_mp4-0196_jpg.rf.3952472b39f9bd730d7eeade2b6c85b2.jpg,false_negative,1
WhatsApp-Video-2023-11-01-at-21_27_09_74abd296_mp4-0240_jpg.rf.c88c0f20262f12e2066e90607d6ede97.jpg,false_positive,2
WhatsApp-Video-2023-11-01-at-21_27_09_74abd296_mp4-0240_jpg.rf.c88c0f20262f12e2066e90607d6ede97.jpg,false_negative,11
WhatsApp-Video-2024-01-25-at-13_46_01_84919b62_mp4-0002_jpg.rf.f15fdd833e2091f78172e097fa5c7830.jpg,false_negative,7
